0.0014351647840138426,-2.220446049250313E-16,-19.049999999999997,0.0044023831964060635
1.25,2.220446049250313E-16,-19.049999999999997,0.0044970187960583115
1.2499999999999998,-1.1102230246251565E-16,-17.45718089574232,0.004159434703745791
0.0014351647840137316,-1.1102230246251565E-16,-17.4606773407243,0.0039405432984419226
1.2499999999999998,-1.1102230246251565E-16,-15.874999999999996,0.004228886680801773
0.0014351647840138426,-1.1102230246251565E-16,-15.874999999999998,0.004014140896450476
0.0014351647840138426,-2.220446049250313E-16,-22.225,0.005232406225570905
1.25,2.220446049250313E-16,-22.224999999999998,0.005226138032708159
1.25,2.220446049250313E-16,-20.632180895742323,0.00490484359645989
0.0014351647840138426,-2.220446049250313E-16,-20.6356773407243,0.004938559572867368
0.0014351647840138426,-2.220446049250313E-16,-25.4,0.005712768853097978
1.25,2.220446049250313E-16,-25.4,0.005710723743885026
1.25,2.220446049250313E-16,-23.80718089574232,0.005546231041632707
0.0014351647840138426,-2.220446049250313E-16,-23.8106773407243,0.005525041872185147
0.0014351647840138426,-2.220446049250313E-16,-28.57499999999999,0.0059594375644461154
1.25,0,-28.57499999999999,0.006013453612764574
1.25,0,-26.98218089574231,0.005876721329850378
0.0014351647840138426,-2.220446049250313E-16,-26.985677340724294,0.005902092924289152
0.0014351647840087356,1.1102230246251565E-16,-31.749999999999996,0.00604474619163205
1.2499999999999998,1.1102230246251565E-16,-31.74999999999999,0.006172934430825365
1.25,1.1102230246251565E-16,-30.15718089574231,0.0061610858069183
0.0014351647840139536,-2.220446049250313E-16,-30.1606773407243,0.006030183052663422
-1.25,1.1102230246251565E-16,-19.049999999999997,0.004496007110128138
-1.25,0,-17.4639858908885,0.0041585658328285695
-1.2499999999999998,0,-15.874999999999998,0.0042281116819647534
-1.25,1.1102230246251565E-16,-22.225,0.005225507017755468
-1.25,1.1102230246251565E-16,-20.638985890888506,0.004903689112705889
-1.25,1.1102230246251565E-16,-25.39999999999999,0.0057086826812596065
-1.25,1.1102230246251565E-16,-23.813985890888503,0.005546101104567293
-1.25,-1.1102230246251565E-16,-28.57499999999999,0.006027345324968744
-1.25,1.1102230246251565E-16,-26.988985890888493,0.005872956430884315
-1.2499999999999998,0,-31.749999999999996,0.006213458327910447
-1.25,-1.1102230246251565E-16,-30.163985890888476,0.006197080914156993
-4.225033067565311,-1.3877787807814457E-16,-19.049999999999997,0.47394910481604624
-1.25,1.1102230246251565E-16,-19.049999999999997,0.4423791334355607
-1.25,0,-17.4639858908885,0.61112211269609
-4.2250330675653105,5.551115123125783E-17,-18.646714189752295,0.5332546074620323
-1.2499999999999998,0,-15.874999999999998,0.7777707138833794
-4.225033067565311,5.551115123125783E-17,-15.875,0.7619184655938517
-4.66952653348989,1.6653345369377348E-16,-19.049999999999997,0.4617515361141633
-4.669526533489891,1.6653345369377348E-16,-16.10607418276886,0.6176161421558367
-4.669526533489891,8.326672684688674E-17,-15.875,0.6266731003574262
-4.22503306756531,-1.3877787807814457E-16,-22.224999999999994,0.2974391806126709
-1.25,1.1102230246251565E-16,-22.225,0.27902899678267573
-1.25,1.1102230246251565E-16,-20.638985890888506,0.35905038886760854
-4.22503306756531,-1.3877787807814457E-16,-21.821714189752292,0.32453229365642544
-4.225033067565308,-1.3877787807814457E-16,-25.4,0.1877227400983159
-1.25,1.1102230246251565E-16,-25.39999999999999,0.16844407657574206
-1.25,1.1102230246251565E-16,-23.813985890888503,0.22326580333103763
-4.225033067565308,-1.3877787807814457E-16,-24.996714189752296,0.20493538365378172
-4.669526533489888,2.220446049250313E-16,-22.224999999999994,0.2978989652176755
-4.66952653348989,2.220446049250313E-16,-19.281074182768858,0.4134226835857958
-4.6695265334898854,-2.7755575615628914E-17,-25.4,0.19692673034031805
-4.669526533489887,-2.7755575615628914E-17,-22.456074182768855,0.27814942433832657
-4.225033067565297,-1.3877787807814457E-16,-28.574999999999992,0.1094563407257454
-1.25,-1.1102230246251565E-16,-28.57499999999999,0.08152530178829852
-1.25,1.1102230246251565E-16,-26.988985890888493,0.124452379612643
-4.225033067565306,-1.3877787807814457E-16,-28.171714189752286,0.12180311619591008
-4.225033067565305,5.551115123125783E-17,-31.749999999999993,0.07161568606455064
-1.2499999999999998,0,-31.749999999999996,0.022504472545202256
-1.25,-1.1102230246251565E-16,-30.163985890888476,0.0501145569848413
-4.225033067565296,-1.3877787807814457E-16,-31.34671418975228,0.07755071297588628
-4.669526533489883,-2.7755575615628914E-17,-28.57499999999999,0.12885929071102553
-4.669526533489885,-2.7755575615628914E-17,-25.631074182768856,0.18583296624904588
-4.669526533489882,5.551115123125783E-17,-31.749999999999993,0.1015222485464688
-4.669526533489883,5.551115123125783E-17,-28.80607418276885,0.12360175301796095
-5.6637548627542085,-8.326672684688674E-17,-19.049999999999997,0.43382980074523636
-5.663754862754209,-8.326672684688674E-17,-16.73783665576117,0.5012119959897842
-5.663754862754201,-5.551115123125783E-17,-15.875,0.5103505614483597
-8.093082343164381,-1.1102230246251565E-16,-19.049999999999997,0.4283017500847384
-8.09308234316438,-1.1102230246251565E-16,-18.3135627656603,0.4697804597783545
-8.093082343164376,1.1102230246251565E-16,-15.875,0.4819108562929232
-5.663754862754235,-8.326672684688674E-17,-31.749999999999993,0.12720167242055688
-5.663754862754237,-8.326672684688674E-17,-29.43783665576119,0.14132909849532208
-5.663754862754228,-8.326672684688674E-17,-28.574999999999992,0.14995728425003918
-8.093082343164408,-1.1102230246251565E-16,-31.749999999999993,0.17624015960384729
-8.093082343164406,-1.1102230246251565E-16,-31.013562765660314,0.1789880392263548
-8.0930823431644,0,-28.574999999999996,0.19375386772949021
-8.968459185292275,-1.1102230246251565E-16,-19.049999999999997,0.4060580445386747
-8.968459185292275,1.1102230246251565E-16,-16.520493926400185,0.44486702436001496
-8.968459185292275,0,-15.875,0.44592871106109544
-12.743580516939787,0,-19.049999999999997,0.40526169205469664
-12.743580516939788,2.220446049250313E-16,-17.551526258129847,0.4307837911621178
-12.743580516939794,2.220446049250313E-16,-15.875,0.43179077416805783
-8.968459185292271,0,-31.749999999999996,0.20909808499721783
-8.96845918529227,0,-29.22049392640016,0.21499220552119352
-8.968459185292271,1.1102230246251565E-16,-28.574999999999996,0.2229324767953316
-12.743580516939762,0,-31.75,0.26851808016873524
-12.743580516939762,4.440892098500626E-16,-30.25152625812984,0.2702664278139749
-12.743580516939765,4.440892098500626E-16,-28.57499999999999,0.27844466750170566
-15.54612015487768,-4.440892098500626E-16,-19.049999999999997,0.40562549391840375
-15.546120154877682,-2.220446049250313E-16,-17.001225390585816,0.42493181466139607
-15.54612015487768,2.220446049250313E-16,-15.875,0.42515586717536175
-19.776894929684154,0,-19.049999999999997,0.41117542393317874
-19.776894929684154,0,-18.18270643987745,0.42509246641198933
-19.77689492968415,0,-15.875,0.42521044207995895
-15.546120154877674,0,-31.749999999999996,0.30871410363394003
-15.54612015487768,0,-29.70122539058581,0.30979677444179554
-15.546120154877677,2.220446049250313E-16,-28.57499999999999,0.31575686430402694
-19.776894929684172,2.220446049250313E-16,-31.749999999999996,0.34311227111566145
-19.77689492968417,4.440892098500626E-16,-30.88270643987746,0.343291837040004
-19.77689492968417,0,-28.574999999999996,0.348055822015628
-137.99999999999997,0,-19.049999999999997,0.018442485496189567
-117.13953368908636,-2.220446049250313E-16,-19.049999999999997,0.04988929388550935
-117.13953368908636,2.4424906541753444E-15,-16.28715634624542,0.05342919935307059
-117.13953368908636,8.881784197001252E-16,-15.875,0.05363346816298388
-137.99999999999997,8.881784197001252E-16,-17.4625,0.019168083315954296
-137.99999999999997,-1.7763568394002505E-15,-15.874999999999998,0.01993659394255034
-113.97079572645939,-8.881784197001252E-16,-18.80598938926873,0.10263499448005323
-113.97079572645939,-8.881784197001252E-16,-19.049999999999997,0.09729364463862844
-113.97079572645939,-1.1102230246251565E-15,-15.875,0.11039516339731292
-109.43179199228555,4.440892098500626E-16,-19.049999999999997,0.17010844244342568
-109.43179199228555,4.440892098500626E-16,-18.452361063807768,0.18254839100058012
-109.43179199228555,4.440892098500626E-16,-15.875,0.1999415306544139
-137.99999999999997,0,-22.224999999999998,0.01638150096591485
-117.13953368908633,-4.440892098500626E-16,-22.224999999999994,0.04414789651489087
-117.13953368908636,-1.5543122344752192E-15,-19.46215634624542,0.04744686917109833
-137.99999999999997,0,-20.637500000000003,0.017539693395440443
-113.97079572645936,-2.220446049250313E-16,-21.98098938926873,0.08430059515258964
-113.97079572645936,-2.220446049250313E-16,-22.224999999999994,0.08020385506160695
-137.99999999999997,0,-25.4,0.013995149006172495
-117.13953368908635,8.881784197001252E-16,-25.399999999999995,0.03959063010838522
-117.13953368908633,-4.440892098500626E-16,-22.637156346245416,0.0423733021835801
-137.99999999999997,0,-23.8125,0.015533326542465439
-113.97079572645936,4.440892098500626E-16,-25.155989389268726,0.06877854487689584
-113.97079572645936,4.440892098500626E-16,-25.39999999999999,0.06586464175769827
-137.99999999999997,8.881784197001252E-16,-28.574999999999996,0.01175972784213478
-117.13953368908633,-4.440892098500626E-16,-28.574999999999992,0.03652765242536321
-117.13953368908633,8.881784197001252E-16,-25.812156346245413,0.038392258604184756
-137.99999999999997,0,-26.987499999999997,0.013405945632071304
-113.97079572645936,2.220446049250313E-16,-28.33098938926873,0.057106516773251716
-113.97079572645936,2.220446049250313E-16,-28.574999999999992,0.05547954990564721
-137.99999999999994,-8.881784197001252E-16,-31.749999999999996,0.010548720844660386
-117.13953368908633,-2.220446049250313E-16,-31.75,0.03535636862070241
-117.13953368908633,-1.7763568394002505E-15,-28.987156346245413,0.035944448612320594
-137.99999999999997,8.881784197001252E-16,-30.1625,0.011628122382474015
-113.97079572645933,1.1102230246251565E-15,-31.505989389268734,0.051471101847161714
-113.97079572645933,1.1102230246251565E-15,-31.75,0.05137977970644428
-109.4317919922855,2.220446049250313E-16,-31.75,0.08018164051795895
-109.4317919922855,2.220446049250313E-16,-31.152361063807767,0.08150545899196258
-109.43179199228551,-4.440892098500626E-16,-28.574999999999996,0.08791416338949198
-23.172368864979035,-1.1102230246251565E-16,-19.049999999999997,0.41981167673828435
-23.172368864979042,1.1102230246251565E-16,-17.264866126899477,0.43085909220641083
-23.172368864979035,-1.1102230246251565E-16,-15.875,0.4308465026849747
-26.07145692887197,2.220446049250313E-16,-19.049999999999997,0.4310001753142946
-26.07145692887197,2.220446049250313E-16,-18.06038152082265,0.4401440314053181
-26.071456928871967,2.220446049250313E-16,-15.875,0.4401328005857778
-29.333961787938946,-4.440892098500626E-16,-19.049999999999997,0.4464969868266197
-29.333961787938957,0,-16.79107868567735,0.4554475614125487
-29.333961787938954,2.220446049250313E-16,-15.875,0.4554950048706272
-47.06502890982172,-2.220446049250313E-16,-19.049999999999997,0.4902485759238342
-42.93523649335009,2.220446049250313E-16,-18.058876131278648,0.47819663797895684
-42.93523649335008,6.661338147750939E-16,-19.049999999999997,0.46555558020397425
-47.06502890982172,-1.3322676295501878E-15,-16.37670326979822,0.5150884300478891
-42.93523649335009,-2.220446049250313E-16,-15.875,0.48052727513021937
-47.06502890982173,6.661338147750939E-16,-15.875,0.517209381636829
-23.172368864979042,0,-31.75,0.36822089823446646
-23.17236886497905,1.1102230246251565E-16,-29.964866126899484,0.36834241051195127
-23.172368864979042,-1.1102230246251565E-16,-28.574999999999996,0.37189081009863934
-26.071456928871974,0,-31.750000000000007,0.3895873071423445
-26.071456928871974,0,-30.76038152082267,0.38960742330197873
-26.071456928871974,-8.881784197001252E-16,-28.574999999999996,0.3924838670405751
-29.333961787938907,-6.661338147750939E-16,-31.750000000000004,0.40776885381303984
-29.333961787938925,4.440892098500626E-16,-29.491078685677333,0.4077804771446327
-29.333961787938918,-8.881784197001252E-16,-28.574999999999996,0.4103879156593746
-47.065028909821706,4.440892098500626E-16,-31.75,0.41266162111899574
-42.935236493350075,-4.440892098500626E-16,-30.758876131278647,0.41260169444391936
-42.935236493350075,0,-31.749999999999996,0.41245770768095213
-47.065028909821706,0,-29.07670326979821,0.4139133153662927
-42.935236493350075,2.220446049250313E-16,-28.574999999999996,0.4157904240404266
-47.065028909821706,6.661338147750939E-16,-28.574999999999992,0.4174290729253748
-70.56284507788185,-1.3322676295501878E-15,-19.049999999999997,0.3800948924764689
-70.56284507788183,-6.661338147750939E-16,-16.531413119770033,0.4347251181058424
-66.05192796120247,-1.3322676295501878E-15,-16.208886731662012,0.4540931345937691
-66.05192796120247,8.881784197001252E-16,-19.049999999999997,0.3991627523865966
-66.05192796120247,-1.3322676295501878E-15,-15.875,0.4593385546831146
-70.56284507788183,-6.661338147750939E-16,-15.874999999999998,0.4513560353978059
-63.18169197090705,1.3322676295501878E-15,-18.52759091990873,0.4115711633676892
-63.18169197090706,-8.881784197001252E-16,-19.049999999999997,0.39818579429333206
-63.18169197090706,-4.440892098500626E-16,-15.874999999999998,0.4426537104383754
-89.5582727665594,-8.881784197001252E-16,-19.049999999999997,0.2405843248904651
-89.55827276655938,-8.881784197001252E-16,-17.743830504625503,0.2675418196721632
-89.55827276655938,-8.881784197001252E-16,-15.874999999999996,0.30245508981931823
-70.5628450778819,0,-31.75,0.23345022242036736
-70.56284507788189,-8.881784197001252E-16,-29.23141311977004,0.23908836921890092
-66.05192796120248,8.881784197001252E-16,-28.908886731662015,0.28528026949712953
-66.0519279612025,-1.3322676295501878E-15,-31.75,0.2800772621846261
-66.05192796120248,8.881784197001252E-16,-28.575,0.2876453126904486
-70.56284507788189,-8.881784197001252E-16,-28.575,0.24420202505065117
-63.18169197090706,-4.440892098500626E-16,-31.227590919908724,0.30310987274974477
-63.18169197090706,8.881784197001252E-16,-31.749999999999996,0.3026373300210905
-63.18169197090705,8.881784197001252E-16,-28.574999999999996,0.3085793683071319
-89.55827276655938,-8.881784197001252E-16,-31.749999999999996,0.08897686089603499
-89.55827276655938,0,-30.443830504625502,0.09372788456118633
-89.55827276655938,0,-28.57499999999999,0.10273988871501552
-35.418743050839225,-4.440892098500626E-16,-19.049999999999997,0.45655267084251466
-35.418743050839225,0,-17.933260370691908,0.46573484829997636
-35.418743050839225,4.440892098500626E-16,-15.875000000000002,0.4663974726053184
-35.41874305083924,0,-31.749999999999993,0.4172570908453028
-35.41874305083924,4.440892098500626E-16,-30.63326037069191,0.41731158665096635
-35.41874305083924,0,-28.574999999999992,0.41984090882061076
-4.225033067565422,-8.326672684688674E-17,-3.174999999999998,0.663374876439702
-1.25,-2.220446049250313E-16,-3.1749999999999994,0.6803588919703487
-1.25,-2.220446049250313E-16,-1.5889858908885015,0.6689412615887413
-4.225033067565422,-8.326672684688674E-17,-2.771714189752487,0.6552323392945778
-1.2499999999999998,-2.220446049250313E-16,0,0.6688460755581078
-4.225033067565451,2.7755575615628914E-17,0,0.6549921150936766
-4.669526533489801,-8.326672684688674E-17,-3.174999999999999,0.6537800703365088
-4.669526533489774,1.6653345369377348E-16,-0.23107418276872094,0.6473890716500408
-4.669526533489779,5.551115123125783E-17,0,0.6473499156352603
-4.225033067565394,-5.551115123125783E-17,-6.349999999999997,0.6911478879891089
-1.25,-2.220446049250313E-16,-6.349999999999997,0.7241619253192179
-1.25,-2.220446049250313E-16,-4.763985890888493,0.6921443935657121
-4.225033067565394,-5.551115123125783E-17,-5.946714189752436,0.672845911112189
-4.669526533489824,8.326672684688674E-17,-6.349999999999997,0.6763123910357565
-4.6695265334897975,8.326672684688674E-17,-3.4060741827687475,0.6598835581499021
-4.225033067565368,-8.326672684688674E-17,-9.524999999999999,0.7569484961440109
-1.25,1.1102230246251565E-16,-9.524999999999997,0.8348161349522754
-1.25,-2.220446049250313E-16,-7.938985890888496,0.7588098468967839
-4.225033067565365,8.326672684688674E-17,-9.121714189752389,0.7153075776171182
-4.6695265334898455,0,-9.524999999999999,0.7091608535464977
-4.66952653348982,1.942890293094024E-16,-6.5810741827687735,0.6908161288274806
-4.22503306756534,0,-12.699999999999998,0.8039693602312734
-1.25,1.1102230246251565E-16,-12.699999999999998,0.9983141805240708
-1.25,1.1102230246251565E-16,-11.113985890888504,0.9162308120585878
-4.22503306756534,0,-12.296714189752343,0.8426677616748479
-4.669526533489869,-1.1102230246251565E-16,-12.7,0.7281754961621827
-4.669526533489842,-2.220446049250313E-16,-9.756074182768803,0.7225860257755015
-4.225033067565311,5.551115123125783E-17,-15.875,0.9971938917368713
-1.2499999999999998,0,-15.874999999999998,1.3052445213126505
-1.25,1.1102230246251565E-16,-14.288985890888501,1.1888926556854655
-4.225033067565312,-1.3877787807814457E-16,-15.471714189752296,0.9721596661134081
-4.669526533489891,8.326672684688674E-17,-15.875,0.7924518622748191
-4.669526533489865,2.7755575615628914E-17,-12.931074182768832,0.6829428890765248
-5.663754862753478,-5.551115123125783E-17,-3.174999999999999,0.6412631061932837
-5.663754862753358,0,-0.8628366557605497,0.6369091115779016
-5.663754862753297,0,0,0.6366937488222691
-8.09308234316427,-1.1102230246251565E-16,-3.1749999999999985,0.6164734228791744
-8.09308234316428,-1.1102230246251565E-16,-2.4385627656601576,0.61616400087914
-8.093082343164246,1.1102230246251565E-16,0,0.615489876484028
-5.663754862754201,-5.551115123125783E-17,-15.875,0.6585203479804387
-5.6637548627540815,2.7755575615628914E-17,-13.562836655761078,0.6264309461705837
-5.663754862754021,0,-12.7,0.6627359749250339
-8.093082343164376,1.1102230246251565E-16,-15.875,0.5781037412485741
-8.093082343164383,0,-15.138562765660302,0.5718592079611974
-8.093082343164351,1.1102230246251565E-16,-12.7,0.5886998582728205
-8.968459185292343,-1.1102230246251565E-16,-3.174999999999999,0.5990270997889185
-8.968459185292359,0,-0.6454939264003784,0.6001411529210687
-8.968459185292362,0,0,0.599965262633144
-12.74358051693984,-2.220446049250313E-16,-3.174999999999999,0.5626413655364649
-12.743580516939842,-2.220446049250313E-16,-1.676526258129848,0.5667149374675459
-12.743580516939854,-2.220446049250313E-16,0,0.5663962799237849
-8.968459185292275,0,-15.875,0.5272888136045015
-8.968459185292291,1.1102230246251565E-16,-13.345493926400223,0.5175863300441481
-8.968459185292293,1.1102230246251565E-16,-12.7,0.5477768508125733
-12.743580516939794,2.220446049250313E-16,-15.875,0.4846296279735298
-12.743580516939794,2.220446049250313E-16,-14.376526258129845,0.48197480833112616
-12.743580516939806,-2.220446049250313E-16,-12.699999999999998,0.5019300652198286
-15.546120154877713,0,-3.174999999999999,0.5403431316102277
-15.54612015487772,0,-1.1262253905858153,0.5449257817455916
-15.546120154877721,-2.220446049250313E-16,0,0.544838507688903
-19.77689492968404,0,-3.174999999999999,0.5201599057840489
-19.77689492968404,-2.220446049250313E-16,-2.307706439877392,0.5248614236146046
-19.77689492968402,0,0,0.5248924550820644
-15.54612015487768,2.220446049250313E-16,-15.875,0.4649129063536054
-15.546120154877691,0,-13.826225390585815,0.4634446772907631
-15.546120154877691,0,-12.7,0.4804942725752701
-19.77689492968415,0,-15.875,0.4542857598619915
-19.776894929684147,0,-15.007706439877445,0.4540259602573351
-19.776894929684126,0,-12.7,0.46686144541607416
-137.99999999999997,0,-3.174999999999998,0.017495666224751398
-117.13953368908663,2.220446049250313E-16,-3.1749999999999985,0.0967064942332117
-117.1395336890867,6.661338147750939E-16,-0.4121563462454454,0.1032439315300902
-117.1395336890867,8.881784197001252E-16,0,0.10303565840280708
-138,8.881784197001252E-16,-1.5874999999999997,0.016750362963312424
-137.99999999999997,0,0,0.015629128758776905
-113.9707957264595,4.440892098500626E-16,-2.9309893892687238,0.23946421952384983
-113.9707957264595,0,-3.1749999999999985,0.22292917245560787
-113.97079572645954,1.5543122344752192E-15,0,0.24207260803274178
-109.43179199228548,8.881784197001252E-16,-3.1749999999999985,0.42490232018934293
-109.4317919922855,-6.661338147750939E-16,-2.577361063807747,0.4536955882926108
-109.43179199228548,-2.220446049250313E-16,0,0.46607332918460026
-137.99999999999997,0,-6.349999999999994,0.019446381877767427
-117.13953368908656,-2.4424906541753444E-15,-6.349999999999995,0.08419782184952553
-117.13953368908663,2.220446049250313E-16,-3.5871563462454388,0.0892231807632799
-137.99999999999997,0,-4.762499999999997,0.018881591215724046
-113.97079572645947,-1.3322676295501878E-15,-6.105989389268724,0.2032184076286154
-113.97079572645947,-1.3322676295501878E-15,-6.349999999999995,0.19029031159053583
-138,8.881784197001252E-16,-9.524999999999997,0.020497988170016933
-117.13953368908649,2.220446049250313E-16,-9.524999999999999,0.07360144546523345
-117.13953368908655,-8.881784197001252E-16,-6.7621563462454315,0.07775950919928688
-138,0,-7.937499999999995,0.020093427564324598
-113.97079572645944,0,-9.280989389268727,0.17312368282052426
-113.97079572645944,-4.440892098500626E-16,-9.524999999999997,0.1626988826636347
-137.99999999999997,8.881784197001252E-16,-12.699999999999996,0.020639991793064996
-117.13953368908642,1.7763568394002505E-15,-12.699999999999996,0.06452860599458644
-117.13953368908649,2.220446049250313E-16,-9.937156346245429,0.0682915711636506
-137.99999999999997,8.881784197001252E-16,-11.112499999999997,0.020495179736455135
-113.9707957264594,1.5543122344752192E-15,-12.45598938926873,0.14681276247802336
-113.9707957264594,1.1102230246251565E-15,-12.699999999999996,0.13839941000051872
-117.13953368908636,8.881784197001252E-16,-15.875,0.059726927093161686
-113.97079572645939,2.220446049250313E-15,-15.630989389268736,0.1234503592534176
-113.97079572645939,-1.1102230246251565E-15,-15.875,0.12300199529301536
-117.13953368908642,0,-13.112156346245422,0.060308757154516085
-109.43179199228555,4.440892098500626E-16,-15.875,0.2194073689463145
-109.43179199228557,-2.220446049250313E-16,-15.27736106380777,0.2245382472819733
-109.43179199228553,-2.220446049250313E-16,-12.699999999999996,0.25477635133238075
-137.99999999999997,-1.7763568394002505E-15,-15.874999999999998,0.019915990383013723
-137.99999999999997,-2.6645352591003757E-15,-14.287500000000001,0.020181304051380994
-23.17236886497907,1.1102230246251565E-16,-3.174999999999999,0.5141628290711622
-23.17236886497909,0,-1.3898661268995196,0.5188974858070451
-23.172368864979084,1.1102230246251565E-16,0,0.518979774425856
-26.071456928872003,-2.220446049250313E-16,-3.174999999999999,0.5163681301554698
-26.071456928872003,-2.220446049250313E-16,-2.1853815208226286,0.5212892254510387
-26.07145692887201,-2.220446049250313E-16,0,0.5213850546480912
-29.33396178793914,-2.220446049250313E-16,-3.174999999999999,0.5402504420799228
-29.333961787939163,-4.440892098500626E-16,-0.916078685677383,0.5466979621162928
-29.33396178793918,-4.440892098500626E-16,0,0.5466368439453306
-47.06502890982174,4.440892098500626E-16,-3.1749999999999985,0.8398543099908002
-42.93523649335012,-4.440892098500626E-16,-2.183876131278629,0.6928441142041868
-42.935236493350104,-2.220446049250313E-16,-3.1749999999999985,0.6688820907426823
-47.06502890982175,-1.1102230246251565E-15,-0.5017032697982323,0.8990594266038878
-42.935236493350104,6.661338147750939E-16,0,0.6908567862802313
-47.06502890982175,-4.440892098500626E-16,0,0.9014694533326011
-70.56284507788155,-2.220446049250313E-16,-3.174999999999999,0.9925002647929511
-70.56284507788149,2.220446049250313E-16,-0.6564131197699833,1.124034084138687
-66.05192796120248,2.6645352591003757E-15,-0.33388673166198507,1.1381255001301747
-66.05192796120248,-4.440892098500626E-16,-3.174999999999999,0.9738455294382595
-66.0519279612025,1.3322676295501878E-15,0,1.1569769656430962
-70.56284507788148,0,0,1.1589778230514414
-63.181691970907224,1.3322676295501878E-15,-2.6525909199087647,0.9133239572865393
-63.18169197090723,-1.3322676295501878E-15,-3.174999999999999,0.8783884051313594
-63.18169197090728,-8.881784197001252E-16,0,1.0212651757834958
-89.55827276655938,-8.881784197001252E-16,-3.174999999999998,0.7589962611894853
-89.55827276655938,1.7763568394002505E-15,-1.8688305046255076,0.8234019429397051
-89.55827276655938,-8.881784197001252E-16,0,0.8829043766402704
-23.172368864979035,-1.1102230246251565E-16,-15.875,0.45431108822054933
-23.172368864979052,0,-14.089866126899487,0.4541047172883422
-23.172368864979045,0,-12.7,0.4651660296314448
-26.071456928871967,2.220446049250313E-16,-15.875,0.45994607216696737
-26.07145692887197,-2.220446049250313E-16,-14.88538152082265,0.4599162805476109
-26.071456928871974,-2.220446049250313E-16,-12.7,0.4696622452402578
-29.333961787938954,2.220446049250313E-16,-15.875,0.47531998509454815
-29.333961787938982,2.220446049250313E-16,-13.616078685677353,0.47545417211230123
-29.333961787939003,-2.220446049250313E-16,-12.7,0.48580525914318906
-47.06502890982173,6.661338147750939E-16,-15.875,0.554045895271458
-42.9352364933501,-2.220446049250313E-16,-14.883876131278647,0.5111456001441855
-42.93523649335009,-2.220446049250313E-16,-15.875,0.5101766835555515
-47.065028909821734,4.440892098500626E-16,-13.20170326979822,0.566789709462734
-42.93523649335009,0,-12.699999999999998,0.5315307692312548
-47.065028909821734,-6.661338147750939E-16,-12.699999999999996,0.5927291848310186
-70.56284507788183,-6.661338147750939E-16,-15.874999999999998,0.46406138174503575
-70.56284507788178,-6.661338147750939E-16,-13.356413119770023,0.5274477995445574
-66.05192796120247,-8.881784197001252E-16,-13.033886731662006,0.5392187396993433
-66.05192796120247,-1.3322676295501878E-15,-15.875,0.4766993177256009
-66.05192796120247,-4.440892098500626E-16,-12.7,0.5568247500435312
-70.56284507788178,2.220446049250313E-16,-12.7,0.5549276602053952
-63.18169197090705,0,-15.352590919908732,0.4723621598582236
-63.18169197090706,-4.440892098500626E-16,-15.874999999999998,0.46648411229625547
-63.1816919709071,4.440892098500626E-16,-12.7,0.5280029787986308
-89.55827276655938,-8.881784197001252E-16,-15.874999999999996,0.3153327653772352
-89.5582727665594,-8.881784197001252E-16,-14.568830504625502,0.34158361377488694
-89.55827276655941,0,-12.699999999999996,0.3911271477816579
-35.418743050839346,0,-3.174999999999999,0.5682897636028732
-35.41874305083934,-4.440892098500626E-16,-2.0582603706918965,0.5795100225717142
-35.418743050839375,0,0,0.5791666074946922
-35.418743050839225,4.440892098500626E-16,-15.875000000000002,0.48709924609349237
-35.41874305083922,0,-14.758260370691904,0.4874268854834125
-35.418743050839254,0,-12.699999999999998,0.49940740480281914
0.0014351647840037396,1.1102230246251565E-16,-3.175000000000006,0.6808996711638637
1.25,1.1102230246251565E-16,-3.175000000000006,0.6800859158924113
1.25,3.3306690738754696E-16,-1.5821808957423393,0.6687950146544073
0.0014351647840031845,-2.220446049250313E-16,-1.5856773407243188,0.6693631417449007
1.25,1.1102230246251565E-16,0,0.6687926141141576
0.0014351647840032955,-2.220446049250313E-16,0,0.6693604758787848
-1.25,-2.220446049250313E-16,-3.1749999999999994,0.6801573680788398
-1.25,-2.220446049250313E-16,-1.5889858908885015,0.6688347724919073
-1.2499999999999998,-2.220446049250313E-16,0,0.6688318365898487
0.0014351647840138426,-2.220446049250313E-16,-6.349999999999997,0.7242926990026031
1.25,2.220446049250313E-16,-6.349999999999998,0.7228123399982664
1.25,1.1102230246251565E-16,-4.757180895742337,0.6913934254387206
0.0014351647840037396,1.1102230246251565E-16,-4.7606773407243175,0.6924528544922737
-1.25,-2.220446049250313E-16,-6.349999999999997,0.7230282050233836
-1.25,-2.220446049250313E-16,-4.763985890888493,0.6914967138426307
0.0014351647840138426,-2.220446049250313E-16,-9.524999999999993,0.8314437095710665
1.25,0,-9.524999999999991,0.8272603210234307
1.25,0,-7.932180895742312,0.7542824319770491
0.0014351647840138426,-2.220446049250313E-16,-7.9356773407242995,0.756184324528032
-1.25,1.1102230246251565E-16,-9.524999999999997,0.8280773835477627
-1.25,-2.220446049250313E-16,-7.938985890888496,0.7546123401771738
0.0014351647840138426,-2.220446049250313E-16,-12.7,0.970133823529919
1.25,0,-12.7,0.9710244053569076
1.25,0,-11.107180895742314,0.9006834235828831
0.0014351647840138426,-2.220446049250313E-16,-11.110677340724298,0.907142149545977
0.0014351647840138426,-1.1102230246251565E-16,-15.874999999999998,1.0315823375931692
1.2499999999999998,-1.1102230246251565E-16,-15.874999999999996,1.039819228392703
1.25,-2.220446049250313E-16,-14.282180895742313,1.0403342963917686
0.0014351647840139536,-2.220446049250313E-16,-14.285677340724298,1.0320986763476725
-1.25,1.1102230246251565E-16,-12.699999999999998,0.9723014944886111
-1.25,1.1102230246251565E-16,-11.113985890888504,0.901981540971652
-1.2499999999999998,0,-15.874999999999998,1.0410924797903607
-1.25,1.1102230246251565E-16,-14.288985890888501,1.0416013391878862
4.138988846193765,-5.551115123125783E-17,-19.049999999999997,0.4718459198956008
4.138988846193759,0,-16.413597567452687,0.7198957959232886
1.25,2.220446049250313E-16,-19.049999999999997,0.44134782022443636
1.2499999999999998,-1.1102230246251565E-16,-17.45718089574232,0.6127297499807198
4.1389888461937625,0,-15.875,0.7686673352690575
1.2499999999999998,-1.1102230246251565E-16,-15.874999999999996,0.7777493490373633
4.13898884619377,0,-22.224999999999994,0.2956633385059527
4.138988846193765,-5.551115123125783E-17,-19.58859756745268,0.4220429118277611
1.25,2.220446049250313E-16,-22.224999999999998,0.27848185876414994
1.25,2.220446049250313E-16,-20.632180895742323,0.35907376065509744
4.138988846193776,5.551115123125783E-17,-25.399999999999995,0.18576331302982302
4.13898884619377,0,-22.763597567452678,0.27058877299132733
1.25,2.220446049250313E-16,-25.4,0.16820835784308275
1.25,2.220446049250313E-16,-23.80718089574232,0.22357660139917768
4.138988846193784,-5.551115123125783E-17,-28.575,0.10689288552648252
4.138988846193779,0,-25.938597567452668,0.16823760870787946
1.25,0,-28.57499999999999,0.081487938199601
1.25,0,-26.98218089574231,0.1253811068167396
4.138988846193785,0,-31.75,0.06820345211079704
4.138988846193779,5.551115123125783E-17,-29.113597567452672,0.09680780654220825
1.2499999999999998,1.1102230246251565E-16,-31.74999999999999,0.022408489995154143
1.25,1.1102230246251565E-16,-30.15718089574231,0.054000683858525786
4.705360302784925,0,-31.75,0.09721102818790381
4.705360302784922,0,-28.869240783921825,0.1199609221598527
4.705360302784923,5.551115123125783E-17,-28.575,0.12572218077389186
4.705360302784921,-5.551115123125783E-17,-25.694240783921824,0.18337248114547003
4.705360302784921,-5.551115123125783E-17,-25.39999999999999,0.19555454269965294
4.7053603027849205,-5.551115123125783E-17,-22.519240783921823,0.277427947174854
4.7053603027849205,5.551115123125783E-17,-22.224999999999994,0.2982978114194913
4.70536030278492,-5.551115123125783E-17,-19.049999999999997,0.4657119229447497
4.705360302784919,0,-16.169240783921836,0.6309884513878115
4.705360302784918,0,-15.875,0.6438891236081031
4.70536030278492,0,-19.34424078392183,0.4149892778306031
5.234769899112426,0,-31.750000000000004,0.12190247118760317
5.234769899112423,0,-31.123584614971016,0.1251491466649618
5.234769899112425,5.551115123125783E-17,-28.575000000000003,0.14554394292142567
7.658931853880965,-1.1102230246251565E-16,-30.3250366416766,0.17623690613943394
7.658931853880967,0,-31.75,0.17112733419492715
7.658931853880967,-1.1102230246251565E-16,-28.575000000000003,0.1889380708382249
5.234769899112421,0,-19.049999999999997,0.4365694631505272
5.234769899112418,0,-18.42358461497101,0.4858973360286003
5.23476989911242,0,-15.875,0.5187056217076514
7.658931853880963,-1.1102230246251565E-16,-17.62503664167658,0.47344231645780777
7.658931853880965,0,-19.049999999999997,0.42745600853457677
7.658931853880964,1.1102230246251565E-16,-15.874999999999998,0.48235174513667867
9.760924072299733,0,-31.749999999999996,0.21338638964183707
9.760924072299744,-1.1102230246251565E-16,-29.957524105567984,0.21735105638248023
9.760924072299746,0,-28.575,0.2273838325142313
11.603118198337967,-1.1102230246251565E-16,-30.9279197531567,0.25718509196488526
11.603118198337967,-3.3306690738754696E-16,-31.749999999999993,0.25617515688379044
11.603118198337967,3.3306690738754696E-16,-28.575,0.266793339079885
9.760924072299776,0,-19.049999999999997,0.41093617644165403
9.760924072299785,-1.1102230246251565E-16,-17.257524105567946,0.44749186023660104
9.760924072299787,-1.1102230246251565E-16,-15.874999999999998,0.45003850706302884
11.603118198337956,1.1102230246251565E-16,-18.227919753156723,0.4314927400786505
11.603118198337958,2.220446049250313E-16,-19.049999999999997,0.40415100454573116
11.603118198337956,4.440892098500626E-16,-15.874999999999996,0.4331783775269834
16.008952405129858,-2.220446049250313E-16,-31.75,0.30680430896154054
16.00895240512985,-2.220446049250313E-16,-29.793920093072863,0.3079496960571645
16.008952405129847,0,-28.575000000000003,0.3141196102084886
18.191331953909412,-2.220446049250313E-16,-30.627142415027333,0.33391310503392524
18.191331953909405,-2.220446049250313E-16,-31.75,0.33362068455133337
18.191331953909412,-6.661338147750939E-16,-28.575,0.3390637165248734
16.00895240512982,0,-19.049999999999997,0.4064206335895275
16.00895240512981,4.440892098500626E-16,-17.09392009307288,0.4258085899964761
16.008952405129808,0,-15.874999999999998,0.4261097922135254
18.19133195390943,2.220446049250313E-16,-17.92714241502732,0.4238127201821676
18.191331953909426,2.220446049250313E-16,-19.049999999999997,0.408579669782838
18.19133195390943,4.440892098500626E-16,-15.874999999999996,0.4239646483417481
22.773046830214998,0,-31.75,0.36122514303281256
22.77304683021501,-1.1102230246251565E-16,-29.86420308005981,0.3614041155817232
22.77304683021502,-1.1102230246251565E-16,-28.574999999999996,0.3651531209581179
25.71350958275496,0,-31.749999999999993,0.38359314746908174
25.713509582754952,0,-29.20299489577474,0.3836802650321999
25.713509582754956,2.220446049250313E-16,-28.575000000000003,0.3866034085337009
22.773046830215094,2.220446049250313E-16,-19.049999999999997,0.4161149534503291
22.773046830215108,-1.1102230246251565E-16,-17.164203080059767,0.42773520347950095
22.773046830215115,1.1102230246251565E-16,-15.875,0.42773403867724036
25.713509582754952,0,-19.049999999999997,0.4262853935833564
25.713509582754952,-2.220446049250313E-16,-16.502994895774723,0.4355973025492362
25.713509582754956,2.220446049250313E-16,-15.875,0.4355954545548157
113.64698128367398,1.1102230246251565E-16,-19.049999999999997,0.048520960069271354
137.99999999999997,8.881784197001252E-16,-17.4625,0.01929726044992014
137.99999999999994,-2.6645352591003757E-15,-19.049999999999997,0.018790761962653973
113.64698128367398,1.1102230246251565E-16,-18.891086473398932,0.05077032808136064
137.99999999999994,8.881784197001252E-16,-15.874999999999998,0.020246810090636228
113.64698128367395,1.1102230246251565E-16,-15.875,0.05242252036159478
113.646981283674,0,-22.224999999999998,0.04260818175621301
137.99999999999994,0,-20.637499999999996,0.017572434438991112
137.99999999999997,0,-22.225,0.01682455216819377
113.64698128367398,1.1102230246251565E-16,-22.06608647339893,0.04416495798085716
113.64698128367405,1.1102230246251565E-16,-31.75,0.03360418673952689
137.99999999999997,1.7763568394002505E-15,-30.1625,0.01130375125655471
137.99999999999997,8.881784197001252E-16,-31.75,0.010919979782187113
113.64698128367405,1.1102230246251565E-16,-31.59108647339893,0.03367257972879456
137.99999999999997,8.881784197001252E-16,-28.574999999999996,0.012183621969164827
113.64698128367405,0,-28.575000000000006,0.034780145987693405
113.64698128367401,0,-25.4,0.037919890432878876
137.99999999999997,0,-23.8125,0.015289658883305052
137.99999999999997,8.881784197001252E-16,-25.39999999999999,0.014462721153690569
113.64698128367401,0,-25.24108647339893,0.03894739970843917
137.99999999999997,8.881784197001252E-16,-26.987499999999994,0.01284290602115187
113.64698128367405,0,-28.416086473398938,0.03533749316568298
35.34654342987769,1.7763568394002505E-15,-31.75,0.41270774237523433
43.490886918291814,0,-29.43715094776029,0.4100332156429914
43.490886918291814,-2.220446049250313E-16,-31.75,0.4096772111617241
35.346543429877684,8.881784197001252E-16,-29.599953462949937,0.4127971803500857
43.49088691829181,-2.220446049250313E-16,-28.575000000000003,0.4129507068669793
35.346543429877684,4.440892098500626E-16,-28.575,0.4152134220374676
28.56359106973158,2.220446049250313E-16,-31.749999999999996,0.4007390446532165
28.56359106973158,2.220446049250313E-16,-31.018988963991518,0.4007415855102363
28.563591069731558,-2.220446049250313E-16,-28.575,0.40338516086033205
35.346543429877656,-1.3322676295501878E-15,-19.049999999999997,0.4507597159384733
43.49088691829179,0,-16.73715094776029,0.47579844331748644
43.49088691829179,2.220446049250313E-16,-19.049999999999997,0.46190270267106914
35.346543429877656,-8.881784197001252E-16,-16.899953462949938,0.45995676350605097
43.490886918291785,-2.220446049250313E-16,-15.875,0.47664907701955106
35.346543429877656,1.3322676295501878E-15,-15.875,0.4602437253812218
28.563591069731487,2.220446049250313E-16,-19.049999999999997,0.4396510621510823
28.563591069731487,0,-18.318988963991544,0.4485197781354583
28.563591069731466,-2.220446049250313E-16,-15.874999999999998,0.448618059742418
110.69961185427617,0,-19.049999999999997,0.18013010211682653
110.69961185427616,-1.1102230246251565E-16,-16.08731036786857,0.21094187150076882
87.71390524769303,-1.7763568394002505E-15,-19.049999999999997,0.2529096496431097
87.71390524769302,-8.881784197001252E-16,-17.651443154946,0.2818960772150463
110.69961185427616,-1.1102230246251565E-16,-15.875,0.2129104220865805
87.71390524769302,-8.881784197001252E-16,-15.875,0.3167621069294081
69.22553518689983,4.440892098500626E-16,-19.049999999999997,0.3975577995933607
69.22553518689983,4.440892098500626E-16,-18.306717097318057,0.4229868483151793
69.22553518689983,-4.440892098500626E-16,-15.874999999999998,0.4695876044526235
112.3557280427521,0,-19.049999999999997,0.09763024319252549
112.35572804275209,1.1102230246251565E-16,-15.962456634328872,0.11170599091501686
112.35572804275208,0,-15.874999999999998,0.11188873648621374
112.3557280427521,0,-22.224999999999998,0.07901336962894362
112.3557280427521,0,-19.137456634328867,0.09230343502956936
112.35572804275212,0,-31.75,0.04676666047493716
112.35572804275212,-1.1102230246251565E-16,-28.66245663432888,0.04995491174293591
112.35572804275212,0,-28.575000000000006,0.051475908689757766
112.3557280427521,0,-25.4,0.06317772043918117
112.3557280427521,0,-22.31245663432887,0.0750025546960372
112.3557280427521,0,-25.487456634328872,0.060372743327045175
110.69961185427611,0,-31.75,0.07990462498796164
110.69961185427613,0,-28.787310367868585,0.08580592973404168
110.69961185427613,0,-28.575000000000003,0.08869071040619574
87.71390524769302,-8.881784197001252E-16,-31.75,0.10386019793614246
87.71390524769302,-2.6645352591003757E-15,-30.351443154946,0.10863415736178407
87.71390524769302,-2.6645352591003757E-15,-28.575000000000003,0.11658121697559146
69.22553518689986,-4.440892098500626E-16,-31.75,0.24837720798524443
69.22553518689986,-4.440892098500626E-16,-31.00671709731806,0.2523123227530657
69.22553518689986,0,-28.575000000000003,0.25906929713826965
46.766453434932096,-2.220446049250313E-16,-31.75,0.41410468946671847
61.03768095389452,0,-29.21684704148151,0.32608354892307967
61.03768095389453,0,-31.749999999999996,0.32317748309845074
46.766453434932096,-2.220446049250313E-16,-31.309705278475477,0.4143088830870074
61.03768095389452,0,-28.575000000000003,0.3290575076405006
46.766453434932096,-2.220446049250313E-16,-28.575000000000003,0.41875922841837004
46.76645343493209,2.220446049250313E-16,-19.049999999999997,0.48973886260187494
61.037680953894544,-4.440892098500626E-16,-16.5168470414815,0.4553486454305101
61.03768095389452,-8.881784197001252E-16,-19.049999999999997,0.41834769886220025
46.76645343493209,2.220446049250313E-16,-18.609705278475467,0.5053697648785586
61.037680953894544,-4.440892098500626E-16,-15.874999999999998,0.46062814875751235
46.766453434932096,-2.220446049250313E-16,-15.875,0.51550867946298
64.42010643928761,4.440892098500626E-16,-19.049999999999997,0.4197419274437953
64.4201064392876,0,-18.637782399814146,0.4347109428759509
64.42010643928761,-4.440892098500626E-16,-15.875,0.4788407261944858
64.42010643928762,4.440892098500626E-16,-31.75,0.2994434142838079
64.42010643928762,8.881784197001252E-16,-31.33778239981415,0.30014006820212924
64.42010643928761,4.440892098500626E-16,-28.575000000000003,0.30701341540010846
4.138988846193733,0,-3.175,0.6647908442016001
4.138988846193727,0,-0.5385975674526713,0.656236183123354
1.25,1.1102230246251565E-16,-3.175000000000006,0.6802855590924752
1.25,3.3306690738754696E-16,-1.5821808957423393,0.6689009304781928
4.138988846193727,0,0,0.656192016280575
1.25,1.1102230246251565E-16,0,0.6688079738905933
4.705360302784867,5.551115123125783E-17,-3.174999999999998,0.6560279787739524
4.7053603027848565,-5.551115123125783E-17,-0.29424078392183417,0.6493150294804174
4.705360302784856,0,0,0.6492683636773231
4.138988846193739,-1.1102230246251565E-16,-6.349999999999995,0.6935695617727469
4.138988846193733,0,-3.7135975674526724,0.6733797838477047
1.25,2.220446049250313E-16,-6.349999999999998,0.7239488876664775
1.25,1.1102230246251565E-16,-4.757180895742337,0.692041362615096
4.7053603027848805,-5.551115123125783E-17,-6.349999999999994,0.6799404687414251
4.705360302784868,0,-3.4692407839218324,0.6625409200823462
4.138988846193751,-1.1102230246251565E-16,-9.524999999999995,0.7610831465450152
4.138988846193744,0,-6.888597567452669,0.7135892706250229
1.25,0,-9.524999999999991,0.8339707449640236
1.25,0,-7.932180895742312,0.7584503313114601
4.138988846193756,0,-12.699999999999996,0.8098043388164691
4.138988846193751,-1.1102230246251565E-16,-10.063597567452675,0.810363841567654
1.25,0,-12.7,0.9972936548094846
1.25,0,-11.107180895742314,0.9149981170466193
4.1389888461937625,0,-15.875,1.0105000002768132
4.138988846193756,5.551115123125783E-17,-13.238597567452677,0.8016109903672057
1.2499999999999998,-1.1102230246251565E-16,-15.874999999999996,1.3042002872264955
1.25,-2.220446049250313E-16,-14.282180895742313,1.186900675325662
4.705360302784894,0,-9.524999999999997,0.715949201404592
4.705360302784881,-1.1102230246251565E-16,-6.64424078392183,0.6957606855880469
4.7053603027849045,0,-12.699999999999996,0.7376091285754365
4.705360302784895,0,-9.819240783921831,0.7327916315676806
4.705360302784918,0,-15.875,0.8135344129668308
4.705360302784905,0,-12.99424078392183,0.6951541416718123
5.234769899112322,0,-3.174999999999999,0.6447172382837836
5.234769899112311,5.551115123125783E-17,-2.548584614971073,0.6402622222458811
5.2347698991122975,-5.551115123125783E-17,0,0.6396717747873122
7.658931853880976,-1.1102230246251565E-16,-1.7500366416765005,0.6186094576102614
7.65893185388097,0,-3.1749999999999985,0.619456491510604
7.658931853880971,1.1102230246251565E-16,0,0.618139827038607
5.23476989911242,0,-15.875,0.6755389885180378
5.234769899112409,5.551115123125783E-17,-15.248584614971017,0.6652756351634321
5.234769899112395,0,-12.699999999999996,0.6758954311688923
7.65893185388097,1.1102230246251565E-16,-14.45003664167657,0.5702919682002114
7.658931853880964,1.1102230246251565E-16,-15.874999999999998,0.5828292680059824
7.658931853880967,-1.1102230246251565E-16,-12.699999999999996,0.5941050457156675
9.760924072299819,-1.1102230246251565E-16,-3.1749999999999985,0.5951039261118323
9.760924072299826,0,-1.3825241055679143,0.5966791918236471
9.760924072299826,2.220446049250313E-16,0,0.5963143144950064
11.603118198337942,0,-2.352919753156723,0.5744236457979988
11.603118198337938,-1.1102230246251565E-16,-3.174999999999999,0.5706022935383397
11.603118198337935,-4.440892098500626E-16,0,0.5739640410826709
9.760924072299787,-1.1102230246251565E-16,-15.874999999999998,0.5280272315969958
9.760924072299792,0,-14.082524105567936,0.5203386928839784
9.760924072299794,1.1102230246251565E-16,-12.699999999999996,0.5462335726994327
11.603118198337958,-2.220446049250313E-16,-15.052919753156722,0.4895799342534991
11.603118198337956,4.440892098500626E-16,-15.874999999999996,0.49129590146135405
11.60311819833795,-1.1102230246251565E-16,-12.699999999999998,0.5096266555145467
16.00895240512969,0,-3.174999999999999,0.5393817006689929
16.008952405129676,2.220446049250313E-16,-1.2189200930729633,0.5438541888581705
16.008952405129662,2.220446049250313E-16,0,0.5437403256893804
18.191331953909447,0,-2.052142415027291,0.5296150644959331
18.191331953909444,-4.440892098500626E-16,-3.1749999999999985,0.5248782055001868
18.191331953909447,-4.440892098500626E-16,0,0.5296095316146845
16.008952405129808,0,-15.874999999999998,0.4659794716353526
16.00895240512979,2.220446049250313E-16,-13.918920093072892,0.46425697385444065
16.00895240512978,0,-12.699999999999996,0.4811211024342947
18.191331953909433,-4.440892098500626E-16,-14.752142415027318,0.4553015533336511
18.19133195390943,4.440892098500626E-16,-15.874999999999996,0.45573105551020615
18.191331953909433,-2.220446049250313E-16,-12.699999999999996,0.46918141881101094
113.64698128367357,1.1102230246251565E-16,-3.1749999999999994,0.09585259051642654
137.99999999999994,8.881784197001252E-16,-1.587499999999999,0.016088766438362944
137.99999999999997,0,-3.174999999999998,0.016952540678392414
113.64698128367357,0,-3.0160864733989787,0.10308898674441269
137.99999999999997,0,0,0.015353816023876095
113.64698128367347,0,0,0.10161671566370382
22.773046830215215,1.1102230246251565E-16,-3.174999999999999,0.5133908202273474
22.773046830215215,1.1102230246251565E-16,-1.2892030800597114,0.5182069231840333
22.773046830215236,0,0,0.5182743174799966
25.71350958275493,0,-3.174999999999999,0.5118401189494571
25.713509582754924,0,-0.6279948957747146,0.5168086862860954
25.713509582754927,0,0,0.5168372901181708
113.64698128367367,0,-6.349999999999997,0.08378132211159933
137.99999999999997,0,-4.762499999999996,0.017760175697446836
137.99999999999997,0,-6.349999999999994,0.01879062056486147
113.64698128367367,0,-6.191086473398966,0.09031328492408881
113.64698128367374,0,-9.524999999999999,0.07299955854490187
137.99999999999997,-8.881784197001252E-16,-7.937499999999991,0.019260285699822632
137.99999999999997,-8.881784197001252E-16,-9.524999999999991,0.020032951137842946
113.64698128367374,1.1102230246251565E-16,-9.366086473398957,0.07844790068633281
113.64698128367387,0,-12.7,0.06365555845531312
137.99999999999997,-8.881784197001252E-16,-11.112499999999994,0.020206316093355343
137.99999999999997,0,-12.699999999999996,0.020567921348989514
113.64698128367387,0,-12.541086473398948,0.06790041462246665
22.773046830215115,1.1102230246251565E-16,-15.875,0.45231164854237915
22.773046830215115,-1.1102230246251565E-16,-13.98920308005976,0.45200810737544084
22.77304683021514,1.1102230246251565E-16,-12.699999999999998,0.46348241957410147
25.713509582754956,2.220446049250313E-16,-15.875,0.4556871576150563
25.71350958275494,0,-13.327994895774722,0.4555523048924596
25.71350958275495,0,-12.7,0.4654077400319658
113.64698128367395,1.1102230246251565E-16,-15.875,0.05863970901769146
137.99999999999994,0,-14.287499999999996,0.02020761175913635
137.99999999999994,8.881784197001252E-16,-15.874999999999998,0.019950722059141182
113.64698128367395,1.1102230246251565E-16,-15.716086473398938,0.05867510956170567
110.69961185427654,0,-3.174999999999999,0.45640009622957334
110.69961185427663,-1.1102230246251565E-16,-0.21231036786850568,0.4987675814910725
87.71390524769308,-1.7763568394002505E-15,-3.174999999999999,0.7909064504722807
87.71390524769308,-1.7763568394002505E-15,-1.776443154946006,0.8628910316679295
110.69961185427661,1.1102230246251565E-16,0,0.5001038445730173
87.7139052476931,0,0,0.927473033179234
69.2255351868998,-4.440892098500626E-16,-3.1749999999999985,1.035988519656882
69.22553518689983,0,-2.4317170973180557,1.0701352404441293
69.2255351868998,0,0,1.2057567244058969
112.35572804275205,-1.1102230246251565E-16,-3.174999999999999,0.22798829171486262
112.35572804275202,0,-0.08745663432884189,0.2448681102643674
112.35572804275202,0,0,0.2448733435297642
35.3465434298776,4.440892098500626E-16,-3.174999999999999,0.5592959219532774
43.49088691829183,0,-0.8621509477602648,0.6851671957521384
43.49088691829182,6.661338147750939E-16,-3.174999999999999,0.6622324496304148
35.34654342987758,0,-1.024953462949957,0.5694740487894097
43.490886918291835,0,0,0.6844955083921155
35.346543429877585,8.881784197001252E-16,0,0.5692998034296465
28.563591069731316,0,-3.1749999999999985,0.5309666861353527
28.563591069731302,0,-2.443988963991574,0.537116975814764
28.56359106973128,-2.220446049250313E-16,0,0.5370212103545546
46.76645343493212,2.220446049250313E-16,-3.174999999999999,0.8159851061633356
61.03768095389444,-4.440892098500626E-16,-0.6418470414815133,1.0063555565178968
61.03768095389446,4.440892098500626E-16,-3.174999999999999,0.8959746599491032
46.76645343493213,0,-2.734705278475466,0.8593450308761497
61.03768095389444,-4.440892098500626E-16,0,1.0249706672295624
46.76645343493213,-2.220446049250313E-16,0,0.8677392683116476
112.35572804275205,0,-6.349999999999997,0.19571519234609186
112.35572804275205,0,-3.2624566343288466,0.21133324066969447
112.35572804275206,1.1102230246251565E-16,-9.524999999999999,0.16734049724176805
112.35572804275205,1.1102230246251565E-16,-6.437456634328851,0.1824376326204904
112.35572804275208,0,-12.7,0.14173590710026485
112.35572804275205,0,-9.612456634328858,0.15653809508696864
35.346543429877656,1.3322676295501878E-15,-15.875,0.4803630629550745
43.49088691829179,2.220446049250313E-16,-13.562150947760285,0.5082053275232732
43.490886918291785,-2.220446049250313E-16,-15.875,0.5058290339787221
35.34654342987763,4.440892098500626E-16,-13.724953462949943,0.48093674006568005
43.49088691829179,0,-12.699999999999996,0.5268813334551647
35.34654342987764,-8.881784197001252E-16,-12.699999999999998,0.49226679521399774
28.563591069731466,-2.220446049250313E-16,-15.874999999999998,0.46828415780890786
28.563591069731448,0,-15.143988963991552,0.4683226249718406
28.56359106973143,0,-12.7,0.47855336891389394
112.35572804275208,0,-15.874999999999998,0.12522976546647052
112.35572804275208,0,-12.787456634328864,0.13307877688130632
110.69961185427616,-1.1102230246251565E-16,-15.875,0.2342900100992199
110.69961185427626,-1.1102230246251565E-16,-12.912310367868558,0.2572149342233597
110.69961185427626,0,-12.7,0.27295689883418806
87.71390524769302,-8.881784197001252E-16,-15.875,0.3281122365620361
87.71390524769302,-8.881784197001252E-16,-14.476443154945999,0.3577347881986283
87.71390524769305,8.881784197001252E-16,-12.699999999999996,0.4067972880156404
69.22553518689983,-4.440892098500626E-16,-15.874999999999998,0.48582251026582995
69.22553518689985,0,-15.13171709731806,0.5085385677627641
69.22553518689983,0,-12.7,0.5787708388124179
46.766453434932096,-2.220446049250313E-16,-15.875,0.551977626198765
61.03768095389452,0,-13.341847041481504,0.5223870797990026
61.037680953894544,-4.440892098500626E-16,-15.874999999999998,0.4889752082485437
46.7664534349321,-6.661338147750939E-16,-15.434705278475468,0.553953086415333
61.03768095389452,-4.440892098500626E-16,-12.699999999999998,0.5484022847914587
46.7664534349321,2.220446049250313E-16,-12.699999999999996,0.5888103067933015
64.42010643928751,4.440892098500626E-16,-3.174999999999999,0.9982364463728135
64.42010643928751,4.440892098500626E-16,-2.76278239981415,1.012075027213826
64.42010643928748,0,0,1.1678509822302734
64.42010643928761,-4.440892098500626E-16,-15.875,0.5008948165975411
64.42010643928762,0,-15.462782399814152,0.5091278276445728
64.42010643928758,0,-12.7,0.5804775257642831
-5.663754862754216,0,-22.224999999999994,0.3004871220371789
-5.663754862754217,0,-19.912836655761172,0.37344467705341167
-8.093082343164388,0,-22.224999999999994,0.32311918696981384
-8.093082343164388,0,-21.4885627656603,0.35678148271052645
-5.663754862754223,8.326672684688674E-17,-25.4,0.20967741017975988
-5.663754862754224,8.326672684688674E-17,-23.08783665576118,0.2666796462632664
-8.093082343164394,0,-25.4,0.24370822359137398
-8.093082343164394,1.1102230246251565E-16,-24.66356276566031,0.2671220044194921
-5.66375486275423,-8.326672684688674E-17,-26.262836655761184,0.18950296300789596
-8.093082343164399,-1.1102230246251565E-16,-27.838562765660306,0.20737052720774546
-8.968459185292275,0,-22.224999999999994,0.3261280817455971
-8.968459185292273,0,-19.69549392640018,0.36715385323580474
-12.74358051693978,-2.220446049250313E-16,-22.224999999999994,0.351748845235196
-12.743580516939783,0,-20.726526258129844,0.3756431224821033
-8.968459185292273,-1.1102230246251565E-16,-25.399999999999995,0.26301035960426344
-8.968459185292271,0,-22.870493926400172,0.29782530647062855
-12.743580516939772,0,-25.399999999999995,0.3072982961476093
-12.743580516939776,2.220446049250313E-16,-23.90152625812984,0.32609019152176455
-8.968459185292273,1.1102230246251565E-16,-26.04549392640017,0.24541323115316216
-12.743580516939767,2.220446049250313E-16,-27.07652625812984,0.2895003664558732
-15.54612015487768,0,-22.224999999999994,0.36752129361586805
-15.546120154877682,-4.440892098500626E-16,-20.176225390585813,0.3854227995226007
-19.77689492968416,2.220446049250313E-16,-22.225,0.384287551534653
-19.776894929684154,0,-21.35770643987745,0.3963160376698739
-15.54612015487768,2.220446049250313E-16,-25.4,0.3361690505275774
-15.54612015487768,-2.220446049250313E-16,-23.35122539058581,0.3502715443237827
-19.77689492968416,0,-25.4,0.3623479226602728
-19.77689492968416,-2.220446049250313E-16,-24.532706439877455,0.37119946587760666
-15.54612015487768,-2.220446049250313E-16,-26.526225390585815,0.3240108191038979
-19.776894929684165,0,-27.707706439877455,0.35281788712637974
-109.43179199228553,-4.440892098500626E-16,-22.224999999999994,0.1359835192589171
-109.43179199228553,-4.440892098500626E-16,-21.627361063807765,0.1462299878628856
-109.43179199228553,-2.220446049250313E-16,-25.39999999999999,0.10788993646978257
-109.43179199228553,-2.220446049250313E-16,-24.802361063807762,0.11591125231471523
-109.43179199228551,-4.440892098500626E-16,-27.977361063807763,0.09317194677354956
-23.172368864979035,1.1102230246251565E-16,-22.224999999999998,0.3990902223787164
-23.172368864979042,2.220446049250313E-16,-20.439866126899478,0.40858759733106215
-26.07145692887197,-2.220446049250313E-16,-22.224999999999998,0.41414352002368504
-26.07145692887197,-2.220446049250313E-16,-21.235381520822653,0.4217843704933173
-29.33396178793894,2.220446049250313E-16,-22.224999999999994,0.4303714015059688
-29.333961787938954,2.220446049250313E-16,-19.966078685677342,0.4376259179620764
-23.172368864979042,1.1102230246251565E-16,-25.4,0.3825445546666086
-23.172368864979045,-1.1102230246251565E-16,-23.61486612689948,0.38953960478695404
-26.07145692887197,2.220446049250313E-16,-25.4,0.4009190722707977
-26.07145692887197,2.220446049250313E-16,-24.410381520822657,0.4064131998087842
-29.333961787938925,6.661338147750939E-16,-25.4,0.4180795838991194
-29.33396178793894,4.440892098500626E-16,-23.141078685677343,0.42317909141147797
-23.172368864979045,-2.220446049250313E-16,-26.78986612689948,0.375659419080597
-26.071456928871974,-8.881784197001252E-16,-27.58538152082266,0.39536754183832157
-29.333961787938932,0,-26.31607868567734,0.4130244073637166
-47.06502890982171,-4.440892098500626E-16,-22.224999999999994,0.4558477327982601
-42.935236493350075,0,-21.233876131278645,0.4518321910416522
-42.935236493350075,6.661338147750939E-16,-22.224999999999994,0.4423380072044262
-47.06502890982172,4.440892098500626E-16,-19.551703269798217,0.4745392748934447
-47.065028909821706,0,-25.39999999999999,0.4317373090002876
-42.935236493350075,-2.220446049250313E-16,-24.408876131278642,0.43211854816285844
-42.935236493350075,0,-25.39999999999999,0.4257504335871146
-47.06502890982171,-6.661338147750939E-16,-22.726703269798215,0.4444887729314093
-42.935236493350075,4.440892098500626E-16,-27.583876131278643,0.4190495460241353
-47.065028909821706,1.3322676295501878E-15,-25.90170326979821,0.4243977995058721
-89.55827276655938,8.881784197001252E-16,-22.224999999999994,0.18353905435340107
-89.55827276655938,-8.881784197001252E-16,-20.9188305046255,0.20578107486457523
-70.56284507788186,8.881784197001252E-16,-22.224999999999994,0.3191902872139434
-70.56284507788185,-1.3322676295501878E-15,-19.706413119770033,0.360863305475569
-66.05192796120247,8.881784197001252E-16,-19.38388673166201,0.38834938388260953
-66.05192796120248,-8.881784197001252E-16,-22.224999999999994,0.34702777521294775
-63.18169197090707,1.3322676295501878E-15,-21.70259091990873,0.36568433629956243
-63.18169197090707,4.440892098500626E-16,-22.224999999999998,0.35592790792037476
-70.56284507788187,-2.220446049250313E-16,-25.399999999999995,0.27371079923951547
-70.56284507788186,8.881784197001252E-16,-22.881413119770034,0.30344002282157656
-66.05192796120248,-8.881784197001252E-16,-22.55888673166201,0.33904923172567614
-66.05192796120248,-1.3322676295501878E-15,-25.399999999999995,0.3100091268603945
-63.18169197090706,0,-24.877590919908727,0.3328040055754863
-63.18169197090706,0,-25.4,0.32627957654644835
-70.56284507788187,-2.220446049250313E-16,-26.056413119770035,0.26208040290929546
-66.05192796120248,-1.3322676295501878E-15,-25.73388673166201,0.30480468226877366
-63.18169197090705,0,-28.052590919908727,0.3120492798961514
-89.55827276655938,8.881784197001252E-16,-25.39999999999999,0.13684157830268281
-89.55827276655938,8.881784197001252E-16,-24.093830504625497,0.15466535977104479
-89.55827276655938,8.881784197001252E-16,-27.268830504625498,0.11526306699634986
-35.41874305083923,0,-22.224999999999994,0.4398798255065029
-35.418743050839225,-4.440892098500626E-16,-21.108260370691905,0.44712978073503995
-35.41874305083923,8.881784197001252E-16,-25.4,0.4274782094609232
-35.41874305083923,4.440892098500626E-16,-24.28326037069191,0.43249174973131777
-35.418743050839225,-8.881784197001252E-16,-27.458260370691903,0.42242618993895786
-5.663754862753659,-2.7755575615628914E-17,-6.349999999999997,0.6563146116411775
-5.663754862753539,8.326672684688674E-17,-4.037836655760681,0.6461491585284045
-8.093082343164298,0,-6.349999999999996,0.6182579297609598
-8.093082343164305,0,-5.613562765660192,0.6198672553668509
-5.66375486275384,8.326672684688674E-17,-9.524999999999999,0.6744189497693207
-5.66375486275372,-2.7755575615628914E-17,-7.212836655760812,0.6676459366283795
-8.093082343164323,1.1102230246251565E-16,-9.524999999999999,0.6130021600484186
-8.093082343164332,-1.1102230246251565E-16,-8.788562765660227,0.6256237010337349
-5.6637548627539,-2.7755575615628914E-17,-10.387836655760946,0.6831593978626673
-8.093082343164358,1.1102230246251565E-16,-11.963562765660264,0.619964591488141
-8.968459185292325,0,-6.349999999999996,0.5953472240127321
-8.96845918529234,-1.1102230246251565E-16,-3.8204939264003377,0.5980658151795424
-12.74358051693983,-2.220446049250313E-16,-6.349999999999996,0.5520850491811936
-12.743580516939831,2.220446049250313E-16,-4.851526258129846,0.5598477482721417
-8.96845918529231,-1.1102230246251565E-16,-9.524999999999999,0.582005675575891
-8.968459185292323,0,-6.995493926400298,0.5914822211777593
-12.743580516939817,0,-9.524999999999999,0.5328810510185928
-12.743580516939819,-2.220446049250313E-16,-8.026526258129845,0.5461211431096813
-8.968459185292307,0,-10.17049392640026,0.5683924034629768
-12.743580516939806,-2.220446049250313E-16,-11.201526258129846,0.5211892769474318
-15.546120154877705,2.220446049250313E-16,-6.349999999999996,0.5282786584153949
-15.546120154877713,-2.220446049250313E-16,-4.301225390585813,0.5361988795125727
-19.77689492968407,0,-6.349999999999997,0.5080798151850425
-19.776894929684065,2.220446049250313E-16,-5.482706439877404,0.5159580177038634
-15.546120154877695,-2.220446049250313E-16,-9.524999999999999,0.508574432604428
-15.546120154877705,0,-7.476225390585814,0.5203906829765966
-19.776894929684097,-2.220446049250313E-16,-9.524999999999999,0.49011187548824786
-19.77689492968409,-2.220446049250313E-16,-8.657706439877417,0.5009429560583194
-15.546120154877698,-2.220446049250313E-16,-10.651225390585815,0.49614227796395044
-19.776894929684122,0,-11.832706439877434,0.47999733385730314
-109.4317919922855,4.440892098500626E-16,-6.349999999999995,0.3622054925188728
-109.4317919922855,2.220446049250313E-16,-5.752361063807749,0.38594713800520797
-109.43179199228553,-2.220446049250313E-16,-9.524999999999997,0.30565855170274125
-109.43179199228553,8.881784197001252E-16,-8.927361063807755,0.32632893119432094
-109.43179199228554,-6.661338147750939E-16,-12.102361063807763,0.27239793705392135
-23.172368864979063,1.1102230246251565E-16,-6.349999999999997,0.502264044270952
-23.172368864979084,0,-4.564866126899511,0.5095817788791733
-26.071456928871992,-2.220446049250313E-16,-6.349999999999997,0.5042664164209139
-26.071456928871996,-2.220446049250313E-16,-5.360381520822632,0.5114554286145152
-29.33396178793909,0,-6.349999999999997,0.5249376961750503
-29.333961787939117,0,-4.091078685677374,0.5336512099890207
-47.065028909821734,-6.661338147750939E-16,-6.349999999999995,0.7428167150532631
-42.935236493350104,0,-5.358876131278631,0.6444982487228883
-42.9352364933501,2.220446049250313E-16,-6.349999999999996,0.6204213030474224
-47.06502890982175,-2.220446049250313E-16,-3.6767032697982285,0.790607181848573
-23.172368864979052,0,-9.524999999999999,0.4855791374988048
-23.17236886497907,0,-7.739866126899502,0.49505019789408383
-26.071456928871985,6.661338147750939E-16,-9.524999999999999,0.4882524864504522
-26.071456928871985,2.220446049250313E-16,-8.535381520822636,0.4971190373860218
-29.333961787939046,6.661338147750939E-16,-9.524999999999999,0.5061919956933563
-29.333961787939074,0,-7.266078685677366,0.5161835632253972
-47.065028909821734,-2.220446049250313E-16,-9.524999999999997,0.6618197699741706
-42.935236493350104,-4.440892098500626E-16,-8.533876131278635,0.5952984021275467
-42.93523649335009,-4.440892098500626E-16,-9.524999999999997,0.5735586785565868
-47.06502890982174,2.220446049250313E-16,-6.851703269798224,0.7043642035518851
-23.172368864979063,-1.1102230246251565E-16,-10.914866126899494,0.47611632374468355
-26.07145692887198,2.220446049250313E-16,-11.710381520822644,0.47944329451498663
-29.33396178793903,8.881784197001252E-16,-10.441078685677361,0.49622770709749375
-42.935236493350104,-4.440892098500626E-16,-11.708876131278641,0.5504179033633834
-47.065028909821734,6.661338147750939E-16,-10.026703269798222,0.6301073241249238
-70.56284507788163,2.220446049250313E-16,-6.349999999999996,0.8268584223896003
-70.56284507788156,1.3322676295501878E-15,-3.8314131197699925,0.9666543593808362
-66.05192796120248,8.881784197001252E-16,-3.508886731661989,0.9689009691299701
-66.0519279612025,4.440892098500626E-16,-6.349999999999997,0.8161235568994125
-63.181691970907195,-4.440892098500626E-16,-5.827590919908755,0.7846405248006307
-63.1816919709072,4.440892098500626E-16,-6.349999999999997,0.7451053486707815
-89.5582727665594,8.881784197001252E-16,-6.349999999999995,0.6158420499613773
-89.5582727665594,8.881784197001252E-16,-5.043830504625505,0.6787048917463813
-89.55827276655938,-8.881784197001252E-16,-9.524999999999997,0.49142512543534894
-89.55827276655938,-8.881784197001252E-16,-8.218830504625505,0.5411403145996765
-70.56284507788169,2.220446049250313E-16,-9.524999999999999,0.6762702209324696
-70.56284507788163,0,-7.006413119770002,0.7880000014155706
-66.0519279612025,-4.440892098500626E-16,-6.6838867316619925,0.7913649333866237
-66.05192796120247,-4.440892098500626E-16,-9.524999999999999,0.6710988495646338
-63.18169197090714,0,-9.002590919908748,0.656343463557263
-63.18169197090714,8.881784197001252E-16,-9.524999999999999,0.6239257563205223
-89.55827276655941,8.881784197001252E-16,-11.393830504625504,0.43116360760766725
-70.5628450778817,4.440892098500626E-16,-10.181413119770014,0.643212552396675
-66.05192796120247,4.440892098500626E-16,-9.858886731662,0.6488348954242003
-63.1816919709071,-4.440892098500626E-16,-12.177590919908742,0.5516717336272676
-35.41874305083931,0,-6.349999999999996,0.54617572449111
-35.41874305083931,0,-5.233260370691896,0.5572812005603565
-35.41874305083928,-4.440892098500626E-16,-9.524999999999999,0.5231087218653545
-35.41874305083928,-4.440892098500626E-16,-8.408260370691899,0.5348441710077277
-35.418743050839254,-4.440892098500626E-16,-11.583260370691901,0.5109926230913641
5.234769899112421,0,-27.94858461497101,0.15842051369670535
5.2347698991124245,5.551115123125783E-17,-25.39999999999999,0.20673608141891925
5.23476989911242,0,-24.773584614971,0.22774068207307613
5.234769899112423,0,-22.224999999999994,0.2990329851559349
5.234769899112418,0,-21.598584614971003,0.3310423728179566
7.658931853880965,1.1102230246251565E-16,-20.800036641676584,0.36345117375819247
7.658931853880965,3.3306690738754696E-16,-22.224999999999994,0.32005067240822427
7.658931853880965,1.1102230246251565E-16,-23.97503664167659,0.2721060407972564
7.658931853880965,1.1102230246251565E-16,-25.399999999999995,0.2395677521153981
7.658931853880965,-1.1102230246251565E-16,-27.150036641676593,0.20894272744002806
9.760924072299753,-1.1102230246251565E-16,-26.782524105567973,0.24484089153571223
9.760924072299755,-1.1102230246251565E-16,-25.39999999999999,0.267895368337998
11.603118198337965,-4.440892098500626E-16,-27.75291975315671,0.2760825519361149
11.603118198337963,-1.1102230246251565E-16,-25.39999999999999,0.2977317035445368
9.760924072299762,1.1102230246251565E-16,-23.60752410556796,0.2963940591575994
9.760924072299765,1.1102230246251565E-16,-22.224999999999994,0.3314314525870229
9.760924072299774,2.220446049250313E-16,-20.432524105567953,0.36715758115074426
11.603118198337956,-1.1102230246251565E-16,-21.402919753156716,0.36907665463281225
11.60311819833796,0,-22.224999999999994,0.3457391934823446
11.60311819833796,-2.220446049250313E-16,-24.577919753156706,0.3146584033413302
16.00895240512984,2.220446049250313E-16,-26.618920093072866,0.3225613397477375
16.008952405129836,0,-25.39999999999999,0.3352640789388769
18.191331953909415,-2.220446049250313E-16,-27.452142415027325,0.3444383396893812
18.19133195390942,-4.440892098500626E-16,-25.39999999999999,0.35480897070445744
16.008952405129833,4.440892098500626E-16,-23.443920093072872,0.34966282515812497
16.00895240512983,-6.661338147750939E-16,-22.224999999999994,0.36755541018046795
18.19133195390942,-2.220446049250313E-16,-24.27714241502732,0.36467183337847403
18.19133195390942,0,-22.224999999999994,0.37898957014005674
16.008952405129822,-4.440892098500626E-16,-20.268920093072875,0.3857424771354191
18.191331953909426,2.220446049250313E-16,-21.10214241502732,0.3922754641167969
22.77304683021503,-4.440892098500626E-16,-26.689203080059798,0.3692340504197379
22.773046830215044,-1.1102230246251565E-16,-25.4,0.3765407061579158
25.713509582754952,2.220446049250313E-16,-26.027994895774732,0.38972795606998606
25.713509582754952,2.220446049250313E-16,-25.4,0.3953510681734623
22.77304683021507,-2.220446049250313E-16,-22.224999999999994,0.39416760047856836
22.773046830215083,1.1102230246251565E-16,-20.339203080059775,0.40425943749536863
22.77304683021506,-3.3306690738754696E-16,-23.51420308005978,0.3840393295914636
25.713509582754952,0,-22.852994895774724,0.4011657036356635
25.713509582754952,0,-22.224999999999994,0.40900268036655163
25.713509582754952,2.220446049250313E-16,-19.677994895774724,0.41692872469978687
43.49088691829181,2.220446049250313E-16,-26.262150947760286,0.4167759864347477
35.34654342987768,4.440892098500626E-16,-26.424953462949937,0.4178458085815817
43.49088691829181,0,-25.4,0.4227413394544578
35.34654342987768,4.440892098500626E-16,-25.399999999999995,0.42261564371575305
28.563591069731554,0,-27.843988963991528,0.40602781962751633
28.563591069731537,0,-25.4,0.4111456790168159
43.49088691829181,0,-23.087150947760286,0.42999871525889266
35.34654342987767,4.440892098500626E-16,-23.249953462949936,0.4276808021165266
43.4908869182918,0,-22.224999999999998,0.4390562358774188
35.34654342987767,-8.881784197001252E-16,-22.224999999999994,0.43462496908693427
28.56359106973153,0,-24.668988963991534,0.41625212280649804
28.563591069731512,2.220446049250313E-16,-22.224999999999994,0.42350967841236903
43.49088691829179,2.220446049250313E-16,-19.91215094776029,0.4496878050223583
35.346543429877656,-8.881784197001252E-16,-20.07495346294994,0.44191926542008364
28.56359106973151,0,-21.493988963991534,0.4307446349193327
110.69961185427614,1.1102230246251565E-16,-22.224999999999998,0.14245270031141366
110.69961185427617,0,-19.262310367868572,0.17009044225846126
87.71390524769302,-8.881784197001252E-16,-22.224999999999998,0.19547167874877408
87.71390524769302,0,-20.826443154946,0.21920025466539683
110.69961185427611,0,-25.4,0.11118539157181076
110.69961185427614,1.1102230246251565E-16,-22.437310367868577,0.13469192840885655
110.69961185427611,0,-25.612310367868577,0.10565184362195368
87.71390524769302,-8.881784197001252E-16,-25.4,0.14928922535583566
87.71390524769302,-8.881784197001252E-16,-24.001443154946003,0.16802435418213985
87.71390524769302,-1.7763568394002505E-15,-27.176443154946003,0.1294311326039925
69.22553518689985,0,-22.224999999999998,0.3350973117394739
69.22553518689985,0,-21.481717097318057,0.3559510578636287
69.22553518689985,-4.440892098500626E-16,-25.4,0.28880691141131043
69.22553518689985,-4.440892098500626E-16,-24.656717097318058,0.305316877895497
69.22553518689985,-4.440892098500626E-16,-27.83171709731806,0.27046875849034635
61.03768095389454,0,-26.041847041481503,0.34009479767863504
46.766453434932096,-2.220446049250313E-16,-28.134705278475472,0.42260912368105746
61.03768095389454,0,-25.4,0.34662420883977213
46.766453434932096,-2.220446049250313E-16,-25.399999999999995,0.4327338951413725
61.037680953894544,0,-22.866847041481503,0.36586475884377234
46.766453434932096,-2.220446049250313E-16,-24.959705278475468,0.440299418531666
61.03768095389454,0,-22.224999999999998,0.37614058628253566
46.7664534349321,0,-22.224999999999998,0.4562565113843978
61.03768095389452,-8.881784197001252E-16,-19.691847041481502,0.403899448433488
46.7664534349321,0,-21.78470527847547,0.46771055851860244
64.42010643928762,4.440892098500626E-16,-22.224999999999994,0.3668482540160654
64.42010643928762,4.440892098500626E-16,-21.812782399814147,0.3780738821981179
64.42010643928762,0,-25.4,0.32947734868195255
64.42010643928762,0,-24.987782399814147,0.3371942678886497
64.42010643928761,4.440892098500626E-16,-28.16278239981415,0.3112483873233493
5.234769899112346,0,-6.349999999999995,0.6616691603083192
5.234769899112335,-5.551115123125783E-17,-5.723584614971055,0.6520502344819479
7.658931853880974,-1.1102230246251565E-16,-4.925036641676517,0.6222489912021745
7.6589318538809685,-1.1102230246251565E-16,-6.349999999999995,0.6223972282206431
5.234769899112371,0,-9.524999999999997,0.6839535141137423
5.23476989911236,0,-8.898584614971043,0.6814951060652794
7.658931853880972,0,-8.100036641676533,0.6277234580445644
7.6589318538809685,0,-9.524999999999997,0.6186215556435427
5.2347698991123846,0,-12.073584614971027,0.7172045232589941
7.658931853880972,-1.1102230246251565E-16,-11.275036641676554,0.6197643194170703
9.76092407229981,0,-6.349999999999995,0.590939019840402
9.760924072299817,-2.220446049250313E-16,-4.557524105567918,0.5947792490721475
11.603118198337945,-1.1102230246251565E-16,-5.527919753156721,0.5688869448166813
11.603118198337942,-2.220446049250313E-16,-6.349999999999995,0.5608876160469873
9.760924072299803,0,-9.524999999999997,0.5779281609385858
9.760924072299808,1.1102230246251565E-16,-7.732524105567922,0.5889786218269342
11.603118198337949,1.1102230246251565E-16,-8.70291975315672,0.5567962684723395
11.603118198337945,-1.1102230246251565E-16,-9.524999999999999,0.5419916754187117
9.760924072299801,2.220446049250313E-16,-10.90752410556793,0.5682604588743881
11.603118198337953,2.220446049250313E-16,-11.87791975315672,0.5321328607979521
16.00895240512972,0,-6.349999999999996,0.5276887570105027
16.00895240512971,0,-4.3939200930729445,0.5354260428640448
18.19133195390944,-4.440892098500626E-16,-5.227142415027296,0.520690173301655
18.19133195390944,-2.220446049250313E-16,-6.349999999999994,0.5126033697784755
16.00895240512975,-2.220446049250313E-16,-9.524999999999999,0.5085479799188678
16.008952405129737,-2.220446049250313E-16,-7.568920093072925,0.5200674991101366
18.191331953909437,-4.440892098500626E-16,-8.402142415027303,0.5052393702057583
18.19133195390944,6.661338147750939E-16,-9.524999999999997,0.49390286152182494
16.008952405129765,0,-10.743920093072909,0.49643123486160823
18.191331953909433,0,-11.57714241502731,0.4831885538657994
22.77304683021519,1.1102230246251565E-16,-6.349999999999996,0.5013694364798024
22.773046830215186,1.1102230246251565E-16,-4.464203080059722,0.5087676566030176
25.713509582754938,2.220446049250313E-16,-6.349999999999996,0.49985030325506996
25.713509582754924,0,-3.802994895774715,0.5069877590699526
22.773046830215165,-1.1102230246251565E-16,-9.524999999999997,0.4844294744729164
22.77304683021516,1.1102230246251565E-16,-7.639203080059734,0.4940610644974395
25.71350958275494,0,-9.524999999999999,0.4839678022137549
25.71350958275493,2.220446049250313E-16,-6.9779948957747155,0.49274123630047173
22.77304683021514,0,-10.814203080059748,0.47473515815960954
25.713509582754934,0,-10.152994895774718,0.4751283803713038
110.69961185427643,0,-6.349999999999996,0.38924647761501935
110.69961185427654,1.1102230246251565E-16,-3.3873103678685177,0.4278243174944748
87.71390524769308,1.7763568394002505E-15,-6.349999999999996,0.6400859163218731
87.71390524769308,1.7763568394002505E-15,-4.951443154946002,0.7084754744071706
69.2255351868998,0,-6.349999999999997,0.864088555358449
69.22553518689983,-4.440892098500626E-16,-5.606717097318055,0.9190181401854765
35.34654342987761,4.440892098500626E-16,-6.349999999999996,0.5380524589689474
43.490886918291814,4.440892098500626E-16,-4.037150947760269,0.6376726124775932
43.490886918291814,0,-6.349999999999996,0.614279245129665
35.346543429877585,1.7763568394002505E-15,-4.199953462949953,0.5488954616972662
28.563591069731356,0,-6.349999999999996,0.5164606000142702
28.563591069731338,2.220446049250313E-16,-5.618988963991567,0.5247643137726907
46.76645343493212,-2.220446049250313E-16,-6.349999999999996,0.7303834772986366
61.03768095389445,0,-3.81684704148151,0.8624897159873948
61.03768095389448,4.440892098500626E-16,-6.349999999999996,0.766567267020385
46.76645343493213,-2.220446049250313E-16,-5.909705278475463,0.7656761405516762
110.69961185427633,1.1102230246251565E-16,-9.524999999999999,0.32833696913162624
110.69961185427643,-1.1102230246251565E-16,-6.562310367868529,0.36639507163540275
87.71390524769306,0,-9.524999999999999,0.5104639815262249
87.71390524769306,1.7763568394002505E-15,-8.126443154946001,0.5644655912103603
69.22553518689982,0,-9.524999999999999,0.7057556175017777
69.22553518689983,4.440892098500626E-16,-8.781717097318058,0.7518198163141403
35.34654342987763,0,-9.524999999999997,0.5153585982984182
43.49088691829181,0,-7.212150947760272,0.590252810295698
43.4908869182918,0,-9.524999999999997,0.5682916506910882
35.3465434298776,1.7763568394002505E-15,-7.374953462949947,0.5268824070862345
28.563591069731395,2.220446049250313E-16,-9.524999999999999,0.4984320860168129
28.56359106973138,2.220446049250313E-16,-8.793988963991563,0.5080628401781095
46.7664534349321,-2.220446049250313E-16,-9.524999999999997,0.6548561568473372
61.03768095389448,0,-6.991847041481506,0.7217440358292568
61.03768095389451,-4.440892098500626E-16,-9.524999999999999,0.6444461179158472
46.76645343493212,0,-9.084705278475464,0.6851624563285734
43.4908869182918,0,-10.38715094776028,0.5465997670611843
35.34654342987761,4.440892098500626E-16,-10.549953462949945,0.5037200771640102
28.56359106973141,-2.220446049250313E-16,-11.968988963991558,0.4886982082766562
110.69961185427634,0,-9.737310367868544,0.30908936274974985
87.71390524769305,8.881784197001252E-16,-11.301443154946,0.45015013912679175
69.22553518689983,0,-11.956717097318059,0.6163247562187284
61.0376809538945,-4.440892098500626E-16,-10.166847041481503,0.6088590513432939
46.76645343493212,0,-12.259705278475465,0.6140264306195349
64.42010643928754,0,-6.349999999999997,0.8439796527212349
64.42010643928754,0,-5.937782399814148,0.8804932606510234
64.42010643928757,-4.440892098500626E-16,-9.524999999999997,0.6969625648054614
64.42010643928757,-4.440892098500626E-16,-9.112782399814149,0.728335780261887
64.42010643928758,0,-12.28778239981415,0.6049996366247878
